fetchingDate,creationDate,author,authorLink,articleLink,articleTitle,articleText
2026-07-19 20:37:30,16/7/2026,CyberWire,https://www.thecyberwire.com/newsletters/daily-briefing,https://thecyberwire.com/newsletters/daily-briefing/15/134,Top stories.,"The US Cybersecurity and Infrastructure Security Agency (CISA) is urging organizations to immediately address three actively exploited SharePoint vulnerabilities, CSO reports. The flaws (CVE-2026-32201, CVE-2026-45659, and CVE-2026-56164) affect all supported on-premises SharePoint Server versions (Subscription Edition, 2019, and 2016) and can lead to ""remote code execution and post-exploitation activities, such as stealing Internet Information Services (IIS) machine keys and performing deserialization techniques.""
CISA also advises users to patch CVE-2026-55040 and CVE-2026-58644, two SharePoint flaws that have not yet been observed being exploited but pose serious risks."
2026-07-19 20:37:30,16/7/2026,CyberWire,https://www.thecyberwire.com/newsletters/daily-briefing,https://thecyberwire.com/newsletters/daily-briefing/15/134,A new stealthy ransomware family emerges.,"Researchers at Symantec are tracking a new strain of ransomware dubbed ""Spirals"" that was used in a double-extortion attack against a South Asian IT services company last month. The threat actor gained access by compromising an internet-facing IIS web server via an ASP.NET web shell, and exfiltrated and encrypted the organization's data within twenty-four hours.
The researchers note, ""The ransomware itself is a full-featured file-encrypting ransomware written in Rust. Its capabilities include defense evasion, encryption, lateral movement, process termination, obfuscation, and privilege escalation. Files are encrypted with per-file AES-128 keys wrapped using an attacker-controlled ECDH P-256 public key. Files larger than 5 MB are encrypted intermittently across jittered chunks for speed."""
2026-07-19 20:37:30,16/7/2026,CyberWire,https://www.thecyberwire.com/newsletters/daily-briefing,https://thecyberwire.com/newsletters/daily-briefing/15/134,Law enforcement operation disrupts international fraud scheme.,"A law enforcement operation led by the Dutch Politie resulted in the arrests of at least six individuals accused of running an international investment fraud scheme that raked in over 100 million euros per month, BleepingComputer reports. The primary suspect is a 46-year-old Israeli-Polish national who was arrested in Poland in May and extradited to the Netherlands. His identity has not been released, but the Dutch police stated, ""Publicly available online information shows that he was previously prosecuted for hacking several prominent foreign government organizations and is said to be a well-known hacker.""
Law enforcement also arrested five other suspects in Cyprus, Belgium, and Greece. The Politie says the criminal organization has over 700 members around the world, and more arrests have not been ruled out."
2026-07-19 20:37:30,15/7/2026,CyberWire,https://www.thecyberwire.com/newsletters/daily-briefing,https://thecyberwire.com/newsletters/daily-briefing/15/133,Top stories.,"Microsoft yesterday issued patches for 570 Windows vulnerabilities, nearly tripling the record set by last month's Patch Tuesday, KrebsOnSecurity reports. Nearly sixty of the flaws are rated as ""Critical,"" while two are actively exploited zero-days. The company attributes the record numbers to AI-assisted vulnerability discovery. Microsoft Executive Vice President Pavan Davuluri said in a blog post last week, ""The pace of vulnerability discovery is changing with advances in AI making it possible to find more issues, faster, across more code, with new mechanisms that can accelerate both discovery and analysis.""
Adobe has fixed thirteen vulnerabilities in ColdFusion, eight of which are rated as ""Critical,"" SecurityWeek says. The company has assigned a Patch Priority of 1 to these flaws, meaning customers should apply patches immediately. Adobe also fixed critical bugs in Commerce, Experience Manager, and Illustrator.
Google and Mozilla have also patched critical flaws in Chrome and Firefox, respectively, while ServiceNow addressed a critical remote code execution vulnerability in its ServiceNow AI platform.
SecurityWeek has a round-up of patches issued by ICS vendors, including Siemens, Schneider Electric, and Rockwell Automation."
2026-07-19 20:37:30,15/7/2026,CyberWire,https://www.thecyberwire.com/newsletters/daily-briefing,https://thecyberwire.com/newsletters/daily-briefing/15/133,SonicWall warns of maximum-severity zero-day.,"SonicWall warned yesterday that attackers are exploiting two zero-days affecting its SMA1000 secure access gateways, BleepingComputer reports. One of the flaws (CVE-2026-15409) is a server-side request forgery (SSRF) vulnerability with a CVSS score of 10, while the other (CVE-2026-15410) is a high-severity code injection flaw. SonicWall says customers should install the hotfix release as soon as possible and perform a forensic analysis to look for indicators of compromise."
2026-07-19 20:37:30,15/7/2026,CyberWire,https://www.thecyberwire.com/newsletters/daily-briefing,https://thecyberwire.com/newsletters/daily-briefing/15/133,Business news: Valarian raises $50 million in Series A funding.,"UK-based sovereign infrastructure company Valarian has raised $50 million in a Series A round led by New Enterprise Associates (NEA), with participation from Lightbank, XTX Ventures, Litquidity Ventures, Sequel, and angel investors. The company says the funding will accelerate deployment of its Valarian Enterprise and Valarian Defence platforms.
Read more in the Business Briefing at 4pm ET."
2026-07-19 20:37:30,14/7/2026,CyberWire,https://www.thecyberwire.com/newsletters/daily-briefing,https://thecyberwire.com/newsletters/daily-briefing/15/132,Top stories.,"The Pentagon has suspended the Cybersecurity Maturity Model Certification (CMMC) Phase II requirements that were slated to go into effect this November, stating in a memo that the current version of the program imposes ""significant and often prohibitive burdens on the Defense Industrial Base (DIB), particularly the small and non-traditional businesses that are the engine of American innovation.""
The Pentagon's CIO, Kirsten Davies, told reporters yesterday, ""I want to be clear across the Department of War and our defense industrial base: investing in and dynamically maintaining robust cybersecurity remains a critical non-negotiable priority. This action does not eliminate the legal requirement for our industry partners to protect federal data."" Davies added, ""We are not reducing cybersecurity through this measure. We are reducing the red tape.""
Michael Duffey, Undersecretary of Defense for Acquisition and Sustainment, stated, ""We are halting complex audits. We are stopping the requirement for third-party assessors and audits. We are cleaning up active solicitations immediately. If a current defense solicitation or contract contains those suspended phase two requirements, I have directed our program managers and contracting officers to amend or modify them as soon as possible."""
2026-07-19 20:37:30,14/7/2026,CyberWire,https://www.thecyberwire.com/newsletters/daily-briefing,https://thecyberwire.com/newsletters/daily-briefing/15/132,US Treasury Department sanctions VPN provider that allegedly assisted criminals.,"The US Treasury Department's Office of Foreign Assets Control (OFAC) has imposed sanctions on VPN provider First VPN Service (1VPNS), its Ukrainian administrator Dmytro Rashevskyi, and Belarusian cryptor seller Yegeniy Vladimirovich Silayev, BleepingComputer reports. Treasury says 1VPNS was widely used by ransomware gangs and other cybercriminals, with Rashevskyi allegedly facilitating their operations. Silayev is accused of developing cryptors—encryption tools designed to obfuscate and disguise malware—and selling them to ransomware operators.
Dutch and French police seized 1VPNS's infrastructure in May 2026 and identified all of its customers, likely paving the way for further investigations."
2026-07-19 20:37:30,14/7/2026,CyberWire,https://www.thecyberwire.com/newsletters/daily-briefing,https://thecyberwire.com/newsletters/daily-briefing/15/132,Lidl discloses breach affecting customer information.,"German supermarket chain Lidl has disclosed a breach that affected personal information belonging to customers in Germany, Belgium, and the Netherlands, the Record reports. The breach stemmed from an attack against a third-party IT service provider.
The stolen data included full names, phone numbers, email addresses, dates of birth, and customer numbers. Lidl added, ""The online shop's system itself was not affected. Passwords, billing and shipping addresses, bank details, or other payment information belonging to our customers are explicitly not affected. Customer accounts were not compromised."""
2026-07-19 20:37:30,13/7/2026,CyberWire,https://www.thecyberwire.com/newsletters/daily-briefing,https://thecyberwire.com/newsletters/daily-briefing/15/131,Top stories.,"Intelligence agencies from the Five Eyes nations and eight European allies issued a joint advisory warning that hackers from Russia's Federal Security Service (FSB) are targeting poorly configured and vulnerable routers across critical infrastructure sectors. The threat actors are scanning ""Internet IP ranges with active Simple Network Management Protocol (SNMP) agents that accept common or default community strings for authentication."" The scans send SNMP Set-Requests that copy the device's configuration and transfer it to ""an actor-controlled leased virtual private server (VPS) or compromised FTP server.""
The advisory recommends that administrators disable Cisco Smart Install on all devices, use SNMPv3 with ""authPriv"" configured to the highest encryption standard available, use strong, unique passwords for local accounts, and monitor for unusual credentials and logins to local accounts.
The agencies attribute the activity to the FSB's Center 16, tracked in the industry as ""Berserk Bear,"" ""Energetic Bear,"" ""Crouching Yeti,"" ""Dragonfly,"" ""Ghost Blizzard,"" and ""Static Tundra."""
2026-07-19 20:37:30,13/7/2026,CyberWire,https://www.thecyberwire.com/newsletters/daily-briefing,https://thecyberwire.com/newsletters/daily-briefing/15/131,Progress Software tells ShareFile admins to shut down servers immediately.,"Progress Software late last week began urging ShareFile administrators to immediately shut down their servers due to a security threat targeting the file-sharing software, BleepingComputer reports. The company said in an email to customers Thursday night, ""We have reason to believe there is a credible external security threat targeting Progress Software's ShareFile Storage Zone Controllers. Currently, we have no indication of unauthorized access to any Progress ShareFile accounts or data. As a precaution, we have temporarily disabled access to ShareFile accounts using the Storage Zone Controllers, including yours....You must manually shut down the server hosting your Storage Zone Controllers. This is a critical additional step to ensure the safety of your data.""
Progress said it will share more information after investigating the issue. As of this morning, the ShareFile status page said the investigation was still ongoing."
2026-07-19 20:37:30,13/7/2026,CyberWire,https://www.thecyberwire.com/newsletters/daily-briefing,https://thecyberwire.com/newsletters/daily-briefing/15/131,Researchers identify a new macOS infostealer.,"Jamf is tracking a new macOS infostealer written in C++ that impersonates Apple's crash-reporting framework to harvest browser credentials and other sensitive data. The malware, dubbed ""CrashStealer,"" is delivered through a signed and notarized disk image named ""Werkbit Setup"" that clears Gatekeeper before retrieving the malicious payload. Jamf notes, ""What sets it apart from the commodity stealer crowd is less what it collects than how it is built: client-side AES-GCM encryption of the collected files, and an emphasis on analysis resistance through control-flow flattening, encrypted strings and layered anti-debugging."""
2026-07-19 20:37:30,10/7/2026,CyberWire,https://www.thecyberwire.com/newsletters/daily-briefing,https://thecyberwire.com/newsletters/daily-briefing/15/130,Top stories.,"Zimbra is urging users to patch a critical cross-site scripting (XSS) flaw affecting its Classic Web Client, BleepingComputer reports. The company stated, ""The update fixes a security issue in the Classic Web Client where a specially crafted email could run malicious code when the email is opened. If exploited, it could allow access to mailbox information, session data, or account settings."" Customers are advised to upgrade to version ZCS v10.1.19.
BleepingComputer notes that the flaw was discovered by Google's Threat Analysis Group, which often reports zero-days exploited by nation-state groups. Zimbra hasn't said whether this flaw is under active exploitation, but the company has flagged the Patch Security Severity as ""High."""
2026-07-19 20:37:30,10/7/2026,CyberWire,https://www.thecyberwire.com/newsletters/daily-briefing,https://thecyberwire.com/newsletters/daily-briefing/15/130,GigaWiper combines espionage capabilities with destructive payloads.,"Microsoft has published a report on ""GigaWiper,"" a Go-based backdoor that combines command-and-control capabilities with multiple destructive functions taken from separate malware families. The malware operates as a standalone wiper that erases raw disk content, as a destructive version of the Crucio ransomware that encrypts files without saving decryption keys, and as a reimplemented variant of the C-based malware FlockWiper.
Microsoft concludes, ""GigaWiper is a backdoor with extensive operational capabilities that allow a threat actor to maintain control over infected systems, execute commands, deploy additional tooling, and ultimately trigger one of multiple destructive commands on demand. It allows the threat actor to operate with flexibility, enabling both quiet espionage activity and destructive wiping operations."""
2026-07-19 20:37:30,10/7/2026,CyberWire,https://www.thecyberwire.com/newsletters/daily-briefing,https://thecyberwire.com/newsletters/daily-briefing/15/130,Helix extortion gang conducts device-code phishing attacks.,"ReliaQuest is tracking a new extortion gang called ""Helix"" that likely consists of former members of the BlackFile and ShinyHunters groups. The threat actor uses voice phishing (vishing) to trick users into falling for device-code phishing attacks.
ReliaQuest explains, ""In a confirmed vishing case, the caller impersonated the target user’s manager and walked them through entering a device code into Chrome. The target never shared a credential over the phone. The entire exchange was designed to capture a session token through the device code flow, giving the operator authenticated access without ever touching the password.""
The researchers conclude, ""Disabling device code authentication is the single highest-impact action. Restricting sensitive software-as-a-service (SaaS) applications to managed endpoints and blocking newly registered domains close the remaining entry points this playbook depends on."""
